,V1,V2,V3
1,1000,GET_W_D,/tools.descartes.teastore.webui/database
2,2000,GET_W_D,/tools.descartes.teastore.webui/database
3,2000,GET_W_D,/tools.descartes.teastore.webui/database
4,4000,GET_W_D,/tools.descartes.teastore.webui/database
5,1000,GET_W_D,/tools.descartes.teastore.webui/database
6,2000,GET_W_D,/tools.descartes.teastore.webui/database
7,1000,GET_W_D,/tools.descartes.teastore.webui/database
8,3000,GET_W_D,/tools.descartes.teastore.webui/database
9,2000,GET_W_D,/tools.descartes.teastore.webui/database
10,2000,GET_W_D,/tools.descartes.teastore.webui/database
11,2000,GET_W_D,/tools.descartes.teastore.webui/database
12,1000,GET_W_D,/tools.descartes.teastore.webui/database
13,1000,GET_W_D,/tools.descartes.teastore.webui/database
14,3000,GET_W_D,/tools.descartes.teastore.webui/database
15,2000,GET_W_D,/tools.descartes.teastore.webui/database
16,1000,GET_W_D,/tools.descartes.teastore.webui/database
17,2000,GET_W_D,/tools.descartes.teastore.webui/database
18,2000,GET_W_D,/tools.descartes.teastore.webui/database
19,2000,GET_W_D,/tools.descartes.teastore.webui/database
20,2000,GET_W_D,/tools.descartes.teastore.webui/database
21,1000,GET_W_D,/tools.descartes.teastore.webui/database
22,3000,GET_W_D,/tools.descartes.teastore.webui/database
23,2000,GET_W_D,/tools.descartes.teastore.webui/database
24,3000,GET_W_D,/tools.descartes.teastore.webui/database
25,1000,GET_W_D,/tools.descartes.teastore.webui/database
26,1000,GET_W_D,/tools.descartes.teastore.webui/database
27,2000,GET_W_D,/tools.descartes.teastore.webui/database
28,2000,GET_W_D,/tools.descartes.teastore.webui/database
29,2000,GET_W_D,/tools.descartes.teastore.webui/database
30,3000,GET_W_D,/tools.descartes.teastore.webui/database
31,2000,GET_W_D,/tools.descartes.teastore.webui/database
32,3000,GET_W_D,/tools.descartes.teastore.webui/database
33,1000,GET_W_D,/tools.descartes.teastore.webui/database
34,2000,GET_W_D,/tools.descartes.teastore.webui/database
35,1000,GET_W_D,/tools.descartes.teastore.webui/database
36,4000,GET_W_D,/tools.descartes.teastore.webui/database
37,2000,GET_W_D,/tools.descartes.teastore.webui/database
38,2000,GET_W_D,/tools.descartes.teastore.webui/database
39,2000,GET_W_D,/tools.descartes.teastore.webui/database
40,3000,GET_W_D,/tools.descartes.teastore.webui/database
41,2000,GET_W_D,/tools.descartes.teastore.webui/database
42,2000,GET_W_D,/tools.descartes.teastore.webui/database
43,2000,GET_W_D,/tools.descartes.teastore.webui/database
44,2000,GET_W_D,/tools.descartes.teastore.webui/database
45,1000,GET_W_D,/tools.descartes.teastore.webui/database
46,1000,GET_W_D,/tools.descartes.teastore.webui/database
47,2000,GET_W_D,/tools.descartes.teastore.webui/database
48,1000,GET_W_D,/tools.descartes.teastore.webui/database
49,3000,GET_W_D,/tools.descartes.teastore.webui/database
50,1000,GET_W_D,/tools.descartes.teastore.webui/database
51,5000,GET_W_D,/tools.descartes.teastore.webui/database
52,1000,GET_W_D,/tools.descartes.teastore.webui/database
53,2000,GET_W_D,/tools.descartes.teastore.webui/database
54,2000,GET_W_D,/tools.descartes.teastore.webui/database
55,2000,GET_W_D,/tools.descartes.teastore.webui/database
56,3000,GET_W_D,/tools.descartes.teastore.webui/database
57,1000,GET_W_D,/tools.descartes.teastore.webui/database
58,5000,GET_W_D,/tools.descartes.teastore.webui/database
59,1000,GET_W_D,/tools.descartes.teastore.webui/database
60,3000,GET_W_D,/tools.descartes.teastore.webui/database
61,1000,GET_W_D,/tools.descartes.teastore.webui/database
62,2000,GET_W_D,/tools.descartes.teastore.webui/database
63,1000,GET_W_D,/tools.descartes.teastore.webui/database
64,4000,GET_W_D,/tools.descartes.teastore.webui/database
65,1000,GET_W_D,/tools.descartes.teastore.webui/database
66,1000,GET_W_D,/tools.descartes.teastore.webui/database
67,2000,GET_W_D,/tools.descartes.teastore.webui/database
68,3000,GET_W_D,/tools.descartes.teastore.webui/database
69,5000,GET_W_D,/tools.descartes.teastore.webui/database
70,4000,GET_W_D,/tools.descartes.teastore.webui/database
71,1000,GET_W_D,/tools.descartes.teastore.webui/database
72,1000,GET_W_D,/tools.descartes.teastore.webui/database
73,2000,GET_W_D,/tools.descartes.teastore.webui/database
74,1000,GET_W_D,/tools.descartes.teastore.webui/database
75,2000,GET_W_D,/tools.descartes.teastore.webui/database
76,3000,GET_W_D,/tools.descartes.teastore.webui/database
77,2000,GET_W_D,/tools.descartes.teastore.webui/database
78,2000,GET_W_D,/tools.descartes.teastore.webui/database
79,5000,GET_W_D,/tools.descartes.teastore.webui/database
80,2000,GET_W_D,/tools.descartes.teastore.webui/database
81,2000,GET_W_D,/tools.descartes.teastore.webui/database
82,2000,GET_W_D,/tools.descartes.teastore.webui/database
83,2000,GET_W_D,/tools.descartes.teastore.webui/database
84,3000,GET_W_D,/tools.descartes.teastore.webui/database
85,3000,GET_W_D,/tools.descartes.teastore.webui/database
86,3000,GET_W_D,/tools.descartes.teastore.webui/database
87,1000,GET_W_D,/tools.descartes.teastore.webui/database
88,2000,GET_W_D,/tools.descartes.teastore.webui/database
89,1000,GET_W_D,/tools.descartes.teastore.webui/database
90,2000,GET_W_D,/tools.descartes.teastore.webui/database
91,2000,GET_W_D,/tools.descartes.teastore.webui/database
92,4000,GET_W_D,/tools.descartes.teastore.webui/database
93,2000,GET_W_D,/tools.descartes.teastore.webui/database
94,2000,GET_W_D,/tools.descartes.teastore.webui/database
95,3000,GET_W_D,/tools.descartes.teastore.webui/database
96,2000,GET_W_D,/tools.descartes.teastore.webui/database
97,1000,GET_W_D,/tools.descartes.teastore.webui/database
98,3000,GET_W_D,/tools.descartes.teastore.webui/database
99,2000,GET_W_D,/tools.descartes.teastore.webui/database
100,3000,GET_W_D,/tools.descartes.teastore.webui/database
101,2000,GET_W_D,/tools.descartes.teastore.webui/database
102,1000,GET_W_D,/tools.descartes.teastore.webui/database
103,1000,GET_W_D,/tools.descartes.teastore.webui/database
104,1000,GET_W_D,/tools.descartes.teastore.webui/database
105,15000,GET_W_D,/tools.descartes.teastore.webui/database
106,4000,GET_W_D,/tools.descartes.teastore.webui/database
107,3000,GET_W_D,/tools.descartes.teastore.webui/database
108,2000,GET_W_D,/tools.descartes.teastore.webui/database
109,1000,GET_W_D,/tools.descartes.teastore.webui/database
110,2000,GET_W_D,/tools.descartes.teastore.webui/database
111,3000,GET_W_D,/tools.descartes.teastore.webui/database
112,3000,GET_W_D,/tools.descartes.teastore.webui/database
113,3000,GET_W_D,/tools.descartes.teastore.webui/database
114,1000,GET_W_D,/tools.descartes.teastore.webui/database
115,1000,GET_W_D,/tools.descartes.teastore.webui/database
116,4000,GET_W_D,/tools.descartes.teastore.webui/database
117,2000,GET_W_D,/tools.descartes.teastore.webui/database
118,0,GET_W_D,/tools.descartes.teastore.webui/database
119,2000,GET_W_D,/tools.descartes.teastore.webui/database
120,3000,GET_W_D,/tools.descartes.teastore.webui/database
121,2000,GET_W_D,/tools.descartes.teastore.webui/database
122,2000,GET_W_D,/tools.descartes.teastore.webui/database
123,1000,GET_W_D,/tools.descartes.teastore.webui/database
124,1000,GET_W_D,/tools.descartes.teastore.webui/database
125,3000,GET_W_D,/tools.descartes.teastore.webui/database
126,2000,GET_W_D,/tools.descartes.teastore.webui/database
127,4000,GET_W_D,/tools.descartes.teastore.webui/database
128,1000,GET_W_D,/tools.descartes.teastore.webui/database
129,1000,GET_W_D,/tools.descartes.teastore.webui/database
130,2000,GET_W_D,/tools.descartes.teastore.webui/database
131,2000,GET_W_D,/tools.descartes.teastore.webui/database
132,2000,GET_W_D,/tools.descartes.teastore.webui/database
133,3000,GET_W_D,/tools.descartes.teastore.webui/database
134,2000,GET_W_D,/tools.descartes.teastore.webui/database
135,1000,GET_W_D,/tools.descartes.teastore.webui/database
136,4000,GET_W_D,/tools.descartes.teastore.webui/database
137,1000,GET_W_D,/tools.descartes.teastore.webui/database
138,4000,GET_W_D,/tools.descartes.teastore.webui/database
139,1000,GET_W_D,/tools.descartes.teastore.webui/database
140,3000,GET_W_D,/tools.descartes.teastore.webui/database
141,2000,GET_W_D,/tools.descartes.teastore.webui/database
142,2000,GET_W_D,/tools.descartes.teastore.webui/database
143,2000,GET_W_D,/tools.descartes.teastore.webui/database
144,2000,GET_W_D,/tools.descartes.teastore.webui/database
145,3000,GET_W_D,/tools.descartes.teastore.webui/database
146,1000,GET_W_D,/tools.descartes.teastore.webui/database
147,2000,GET_W_D,/tools.descartes.teastore.webui/database
148,4000,GET_W_D,/tools.descartes.teastore.webui/database
149,2000,GET_W_D,/tools.descartes.teastore.webui/database
150,2000,GET_W_D,/tools.descartes.teastore.webui/database
151,0,GET_W_D,/tools.descartes.teastore.webui/database
152,2000,GET_W_D,/tools.descartes.teastore.webui/database
153,2000,GET_W_D,/tools.descartes.teastore.webui/database
154,2000,GET_W_D,/tools.descartes.teastore.webui/database
155,4000,GET_W_D,/tools.descartes.teastore.webui/database
156,2000,GET_W_D,/tools.descartes.teastore.webui/database
157,3000,GET_W_D,/tools.descartes.teastore.webui/database
158,2000,GET_W_D,/tools.descartes.teastore.webui/database
159,3000,GET_W_D,/tools.descartes.teastore.webui/database
160,3000,GET_W_D,/tools.descartes.teastore.webui/database
161,3000,GET_W_D,/tools.descartes.teastore.webui/database
162,1000,GET_W_D,/tools.descartes.teastore.webui/database
163,3000,GET_W_D,/tools.descartes.teastore.webui/database
164,1000,GET_W_D,/tools.descartes.teastore.webui/database
165,3000,GET_W_D,/tools.descartes.teastore.webui/database
166,2000,GET_W_D,/tools.descartes.teastore.webui/database
167,2000,GET_W_D,/tools.descartes.teastore.webui/database
168,3000,GET_W_D,/tools.descartes.teastore.webui/database
169,2000,GET_W_D,/tools.descartes.teastore.webui/database
170,2000,GET_W_D,/tools.descartes.teastore.webui/database
171,3000,GET_W_D,/tools.descartes.teastore.webui/database
172,4000,GET_W_D,/tools.descartes.teastore.webui/database
173,1000,GET_W_D,/tools.descartes.teastore.webui/database
174,1000,GET_W_D,/tools.descartes.teastore.webui/database
175,1000,GET_W_D,/tools.descartes.teastore.webui/database
176,2000,GET_W_D,/tools.descartes.teastore.webui/database
177,4000,GET_W_D,/tools.descartes.teastore.webui/database
178,4000,GET_W_D,/tools.descartes.teastore.webui/database
179,3000,GET_W_D,/tools.descartes.teastore.webui/database
180,2000,GET_W_D,/tools.descartes.teastore.webui/database
181,2000,GET_W_D,/tools.descartes.teastore.webui/database
182,3000,GET_W_D,/tools.descartes.teastore.webui/database
183,3000,GET_W_D,/tools.descartes.teastore.webui/database
184,2000,GET_W_D,/tools.descartes.teastore.webui/database
185,1000,GET_W_D,/tools.descartes.teastore.webui/database
186,2000,GET_W_D,/tools.descartes.teastore.webui/database
187,2000,GET_W_D,/tools.descartes.teastore.webui/database
188,1000,GET_W_D,/tools.descartes.teastore.webui/database
189,4000,GET_W_D,/tools.descartes.teastore.webui/database
190,1000,GET_W_D,/tools.descartes.teastore.webui/database
191,3000,GET_W_D,/tools.descartes.teastore.webui/database
192,2000,GET_W_D,/tools.descartes.teastore.webui/database
193,2000,GET_W_D,/tools.descartes.teastore.webui/database
194,2000,GET_W_D,/tools.descartes.teastore.webui/database
195,2000,GET_W_D,/tools.descartes.teastore.webui/database
196,1000,GET_W_D,/tools.descartes.teastore.webui/database
197,1000,GET_W_D,/tools.descartes.teastore.webui/database
198,2000,GET_W_D,/tools.descartes.teastore.webui/database
199,2000,GET_W_D,/tools.descartes.teastore.webui/database
200,3000,GET_W_D,/tools.descartes.teastore.webui/database
201,1000,GET_W_D,/tools.descartes.teastore.webui/database
202,2000,GET_W_D,/tools.descartes.teastore.webui/database
203,3000,GET_W_D,/tools.descartes.teastore.webui/database
204,1000,GET_W_D,/tools.descartes.teastore.webui/database
205,2000,GET_W_D,/tools.descartes.teastore.webui/database
206,4000,GET_W_D,/tools.descartes.teastore.webui/database
207,3000,GET_W_D,/tools.descartes.teastore.webui/database
208,2000,GET_W_D,/tools.descartes.teastore.webui/database
209,2000,GET_W_D,/tools.descartes.teastore.webui/database
210,2000,GET_W_D,/tools.descartes.teastore.webui/database
211,2000,GET_W_D,/tools.descartes.teastore.webui/database
212,3000,GET_W_D,/tools.descartes.teastore.webui/database
213,3000,GET_W_D,/tools.descartes.teastore.webui/database
214,3000,GET_W_D,/tools.descartes.teastore.webui/database
215,3000,GET_W_D,/tools.descartes.teastore.webui/database
216,3000,GET_W_D,/tools.descartes.teastore.webui/database
217,1000,GET_W_D,/tools.descartes.teastore.webui/database
218,3000,GET_W_D,/tools.descartes.teastore.webui/database
219,5000,GET_W_D,/tools.descartes.teastore.webui/database
220,1000,GET_W_D,/tools.descartes.teastore.webui/database
221,3000,GET_W_D,/tools.descartes.teastore.webui/database
222,2000,GET_W_D,/tools.descartes.teastore.webui/database
223,1000,GET_W_D,/tools.descartes.teastore.webui/database
224,3000,GET_W_D,/tools.descartes.teastore.webui/database
225,3000,GET_W_D,/tools.descartes.teastore.webui/database
226,2000,GET_W_D,/tools.descartes.teastore.webui/database
227,1000,GET_W_D,/tools.descartes.teastore.webui/database
228,2000,GET_W_D,/tools.descartes.teastore.webui/database
229,4000,GET_W_D,/tools.descartes.teastore.webui/database
230,1000,GET_W_D,/tools.descartes.teastore.webui/database
231,3000,GET_W_D,/tools.descartes.teastore.webui/database
232,2000,GET_W_D,/tools.descartes.teastore.webui/database
233,2000,GET_W_D,/tools.descartes.teastore.webui/database
234,9000,GET_W_D,/tools.descartes.teastore.webui/database
235,10000,GET_W_D,/tools.descartes.teastore.webui/database
236,2000,GET_W_D,/tools.descartes.teastore.webui/database
237,3000,GET_W_D,/tools.descartes.teastore.webui/database
238,3000,GET_W_D,/tools.descartes.teastore.webui/database
239,2000,GET_W_D,/tools.descartes.teastore.webui/database
240,1000,GET_W_D,/tools.descartes.teastore.webui/database
241,2000,GET_W_D,/tools.descartes.teastore.webui/database
242,2000,GET_W_D,/tools.descartes.teastore.webui/database
243,3000,GET_W_D,/tools.descartes.teastore.webui/database
244,2000,GET_W_D,/tools.descartes.teastore.webui/database
245,2000,GET_W_D,/tools.descartes.teastore.webui/database
246,5000,GET_W_D,/tools.descartes.teastore.webui/database
247,2000,GET_W_D,/tools.descartes.teastore.webui/database
248,1000,GET_W_D,/tools.descartes.teastore.webui/database
249,3000,GET_W_D,/tools.descartes.teastore.webui/database
250,4000,GET_W_D,/tools.descartes.teastore.webui/database
251,2000,GET_W_D,/tools.descartes.teastore.webui/database
252,2000,GET_W_D,/tools.descartes.teastore.webui/database
253,2000,GET_W_D,/tools.descartes.teastore.webui/database
254,3000,GET_W_D,/tools.descartes.teastore.webui/database
255,2000,GET_W_D,/tools.descartes.teastore.webui/database
256,1000,GET_W_D,/tools.descartes.teastore.webui/database
257,2000,GET_W_D,/tools.descartes.teastore.webui/database
258,2000,GET_W_D,/tools.descartes.teastore.webui/database
259,5000,GET_W_D,/tools.descartes.teastore.webui/database
260,2000,GET_W_D,/tools.descartes.teastore.webui/database
261,2000,GET_W_D,/tools.descartes.teastore.webui/database
262,4000,GET_W_D,/tools.descartes.teastore.webui/database
263,3000,GET_W_D,/tools.descartes.teastore.webui/database
264,3000,GET_W_D,/tools.descartes.teastore.webui/database
265,3000,GET_W_D,/tools.descartes.teastore.webui/database
266,3000,GET_W_D,/tools.descartes.teastore.webui/database
267,1000,GET_W_D,/tools.descartes.teastore.webui/database
268,3000,GET_W_D,/tools.descartes.teastore.webui/database
269,5000,GET_W_D,/tools.descartes.teastore.webui/database
270,7000,GET_W_D,/tools.descartes.teastore.webui/database
271,2000,GET_W_D,/tools.descartes.teastore.webui/database
272,4000,GET_W_D,/tools.descartes.teastore.webui/database
273,2000,GET_W_D,/tools.descartes.teastore.webui/database
274,3000,GET_W_D,/tools.descartes.teastore.webui/database
275,3000,GET_W_D,/tools.descartes.teastore.webui/database
276,4000,GET_W_D,/tools.descartes.teastore.webui/database
277,2000,GET_W_D,/tools.descartes.teastore.webui/database
278,4000,GET_W_D,/tools.descartes.teastore.webui/database
279,3000,GET_W_D,/tools.descartes.teastore.webui/database
280,4000,GET_W_D,/tools.descartes.teastore.webui/database
281,5000,GET_W_D,/tools.descartes.teastore.webui/database
282,4000,GET_W_D,/tools.descartes.teastore.webui/database
283,4000,GET_W_D,/tools.descartes.teastore.webui/database
284,4000,GET_W_D,/tools.descartes.teastore.webui/database
285,3000,GET_W_D,/tools.descartes.teastore.webui/database
286,5000,GET_W_D,/tools.descartes.teastore.webui/database
287,4000,GET_W_D,/tools.descartes.teastore.webui/database
288,7000,GET_W_D,/tools.descartes.teastore.webui/database
289,3000,GET_W_D,/tools.descartes.teastore.webui/database
290,2000,GET_W_D,/tools.descartes.teastore.webui/database
291,4000,GET_W_D,/tools.descartes.teastore.webui/database
292,3000,GET_W_D,/tools.descartes.teastore.webui/database
293,3000,GET_W_D,/tools.descartes.teastore.webui/database
294,5000,GET_W_D,/tools.descartes.teastore.webui/database
295,2000,GET_W_D,/tools.descartes.teastore.webui/database
296,5000,GET_W_D,/tools.descartes.teastore.webui/database
297,4000,GET_W_D,/tools.descartes.teastore.webui/database
298,2000,GET_W_D,/tools.descartes.teastore.webui/database
299,3000,GET_W_D,/tools.descartes.teastore.webui/database
300,3000,GET_W_D,/tools.descartes.teastore.webui/database
301,3000,GET_W_D,/tools.descartes.teastore.webui/database
302,6000,GET_W_D,/tools.descartes.teastore.webui/database
303,5000,GET_W_D,/tools.descartes.teastore.webui/database
304,5000,GET_W_D,/tools.descartes.teastore.webui/database
305,3000,GET_W_D,/tools.descartes.teastore.webui/database
306,4000,GET_W_D,/tools.descartes.teastore.webui/database
307,4000,GET_W_D,/tools.descartes.teastore.webui/database
308,3000,GET_W_D,/tools.descartes.teastore.webui/database
309,5000,GET_W_D,/tools.descartes.teastore.webui/database
310,4000,GET_W_D,/tools.descartes.teastore.webui/database
311,3000,GET_W_D,/tools.descartes.teastore.webui/database
312,4000,GET_W_D,/tools.descartes.teastore.webui/database
313,7000,GET_W_D,/tools.descartes.teastore.webui/database
314,5000,GET_W_D,/tools.descartes.teastore.webui/database
315,2000,GET_W_D,/tools.descartes.teastore.webui/database
316,4000,GET_W_D,/tools.descartes.teastore.webui/database
317,4000,GET_W_D,/tools.descartes.teastore.webui/database
318,3000,GET_W_D,/tools.descartes.teastore.webui/database
319,2000,GET_W_D,/tools.descartes.teastore.webui/database
320,4000,GET_W_D,/tools.descartes.teastore.webui/database
321,2000,GET_W_D,/tools.descartes.teastore.webui/database
322,3000,GET_W_D,/tools.descartes.teastore.webui/database
323,4000,GET_W_D,/tools.descartes.teastore.webui/database
324,3000,GET_W_D,/tools.descartes.teastore.webui/database
325,6000,GET_W_D,/tools.descartes.teastore.webui/database
326,1000,GET_W_D,/tools.descartes.teastore.webui/database
327,5000,GET_W_D,/tools.descartes.teastore.webui/database
328,3000,GET_W_D,/tools.descartes.teastore.webui/database
329,4000,GET_W_D,/tools.descartes.teastore.webui/database
330,15000,GET_W_D,/tools.descartes.teastore.webui/database
331,6000,GET_W_D,/tools.descartes.teastore.webui/database
332,5000,GET_W_D,/tools.descartes.teastore.webui/database
333,4000,GET_W_D,/tools.descartes.teastore.webui/database
334,8000,GET_W_D,/tools.descartes.teastore.webui/database
335,7000,GET_W_D,/tools.descartes.teastore.webui/database
336,2000,GET_W_D,/tools.descartes.teastore.webui/database
337,4000,GET_W_D,/tools.descartes.teastore.webui/database
338,7000,GET_W_D,/tools.descartes.teastore.webui/database
339,8000,GET_W_D,/tools.descartes.teastore.webui/database
340,4000,GET_W_D,/tools.descartes.teastore.webui/database
341,10000,GET_W_D,/tools.descartes.teastore.webui/database
342,4000,GET_W_D,/tools.descartes.teastore.webui/database
343,6000,GET_W_D,/tools.descartes.teastore.webui/database
344,4000,GET_W_D,/tools.descartes.teastore.webui/database
345,5000,GET_W_D,/tools.descartes.teastore.webui/database
346,2000,GET_W_D,/tools.descartes.teastore.webui/database
347,8000,GET_W_D,/tools.descartes.teastore.webui/database
348,4000,GET_W_D,/tools.descartes.teastore.webui/database
349,6000,GET_W_D,/tools.descartes.teastore.webui/database
350,6000,GET_W_D,/tools.descartes.teastore.webui/database
351,3000,GET_W_D,/tools.descartes.teastore.webui/database
352,13000,GET_W_D,/tools.descartes.teastore.webui/database
353,6000,GET_W_D,/tools.descartes.teastore.webui/database
354,7000,GET_W_D,/tools.descartes.teastore.webui/database
355,7000,GET_W_D,/tools.descartes.teastore.webui/database
356,4000,GET_W_D,/tools.descartes.teastore.webui/database
357,10000,GET_W_D,/tools.descartes.teastore.webui/database
358,3000,GET_W_D,/tools.descartes.teastore.webui/database
359,4000,GET_W_D,/tools.descartes.teastore.webui/database
360,11000,GET_W_D,/tools.descartes.teastore.webui/database
361,5000,GET_W_D,/tools.descartes.teastore.webui/database
362,5000,GET_W_D,/tools.descartes.teastore.webui/database
363,7000,GET_W_D,/tools.descartes.teastore.webui/database
364,6000,GET_W_D,/tools.descartes.teastore.webui/database
365,2000,GET_W_D,/tools.descartes.teastore.webui/database
366,8000,GET_W_D,/tools.descartes.teastore.webui/database
367,6000,GET_W_D,/tools.descartes.teastore.webui/database
368,11000,GET_W_D,/tools.descartes.teastore.webui/database
369,6000,GET_W_D,/tools.descartes.teastore.webui/database
370,6000,GET_W_D,/tools.descartes.teastore.webui/database
371,4000,GET_W_D,/tools.descartes.teastore.webui/database
372,6000,GET_W_D,/tools.descartes.teastore.webui/database
373,7000,GET_W_D,/tools.descartes.teastore.webui/database
374,11000,GET_W_D,/tools.descartes.teastore.webui/database
375,4000,GET_W_D,/tools.descartes.teastore.webui/database
376,4000,GET_W_D,/tools.descartes.teastore.webui/database
377,5000,GET_W_D,/tools.descartes.teastore.webui/database
378,8000,GET_W_D,/tools.descartes.teastore.webui/database
379,2000,GET_W_D,/tools.descartes.teastore.webui/database
380,20000,GET_W_D,/tools.descartes.teastore.webui/database
381,2000,GET_W_D,/tools.descartes.teastore.webui/database
382,1000,GET_W_D,/tools.descartes.teastore.webui/database
383,1000,GET_W_D,/tools.descartes.teastore.webui/database
384,1000,GET_W_D,/tools.descartes.teastore.webui/database
385,2000,GET_W_D,/tools.descartes.teastore.webui/database
386,1000,GET_W_D,/tools.descartes.teastore.webui/database
387,4000,GET_W_D,/tools.descartes.teastore.webui/database
388,4000,GET_W_D,/tools.descartes.teastore.webui/database
389,2000,GET_W_D,/tools.descartes.teastore.webui/database
390,2000,GET_W_D,/tools.descartes.teastore.webui/database
391,2000,GET_W_D,/tools.descartes.teastore.webui/database
392,2000,GET_W_D,/tools.descartes.teastore.webui/database
393,18000,GET_W_D,/tools.descartes.teastore.webui/database
394,7000,GET_W_D,/tools.descartes.teastore.webui/database
395,5000,GET_W_D,/tools.descartes.teastore.webui/database
396,3000,GET_W_D,/tools.descartes.teastore.webui/database
397,4000,GET_W_D,/tools.descartes.teastore.webui/database
398,6000,GET_W_D,/tools.descartes.teastore.webui/database
399,2000,GET_W_D,/tools.descartes.teastore.webui/database
400,6000,GET_W_D,/tools.descartes.teastore.webui/database
401,4000,GET_W_D,/tools.descartes.teastore.webui/database
402,2000,GET_W_D,/tools.descartes.teastore.webui/database
403,1000,GET_W_D,/tools.descartes.teastore.webui/database
404,5000,GET_W_D,/tools.descartes.teastore.webui/database
405,4000,GET_W_D,/tools.descartes.teastore.webui/database
406,6000,GET_W_D,/tools.descartes.teastore.webui/database
407,4000,GET_W_D,/tools.descartes.teastore.webui/database
408,2000,GET_W_D,/tools.descartes.teastore.webui/database
409,2000,GET_W_D,/tools.descartes.teastore.webui/database
410,5000,GET_W_D,/tools.descartes.teastore.webui/database
411,3000,GET_W_D,/tools.descartes.teastore.webui/database
412,1000,GET_W_D,/tools.descartes.teastore.webui/database
413,4000,GET_W_D,/tools.descartes.teastore.webui/database
414,3000,GET_W_D,/tools.descartes.teastore.webui/database
415,2000,GET_W_D,/tools.descartes.teastore.webui/database
416,2000,GET_W_D,/tools.descartes.teastore.webui/database
417,5000,GET_W_D,/tools.descartes.teastore.webui/database
418,6000,GET_W_D,/tools.descartes.teastore.webui/database
419,1000,GET_W_D,/tools.descartes.teastore.webui/database
420,2000,GET_W_D,/tools.descartes.teastore.webui/database
421,4000,GET_W_D,/tools.descartes.teastore.webui/database
422,2000,GET_W_D,/tools.descartes.teastore.webui/database
423,3000,GET_W_D,/tools.descartes.teastore.webui/database
424,3000,GET_W_D,/tools.descartes.teastore.webui/database
425,4000,GET_W_D,/tools.descartes.teastore.webui/database
426,3000,GET_W_D,/tools.descartes.teastore.webui/database
427,4000,GET_W_D,/tools.descartes.teastore.webui/database
428,1000,GET_W_D,/tools.descartes.teastore.webui/database
429,2000,GET_W_D,/tools.descartes.teastore.webui/database
430,3000,GET_W_D,/tools.descartes.teastore.webui/database
431,3000,GET_W_D,/tools.descartes.teastore.webui/database
432,2000,GET_W_D,/tools.descartes.teastore.webui/database
433,2000,GET_W_D,/tools.descartes.teastore.webui/database
434,3000,GET_W_D,/tools.descartes.teastore.webui/database
435,3000,GET_W_D,/tools.descartes.teastore.webui/database
436,7000,GET_W_D,/tools.descartes.teastore.webui/database
437,2000,GET_W_D,/tools.descartes.teastore.webui/database
438,4000,GET_W_D,/tools.descartes.teastore.webui/database
439,3000,GET_W_D,/tools.descartes.teastore.webui/database
440,3000,GET_W_D,/tools.descartes.teastore.webui/database
441,4000,GET_W_D,/tools.descartes.teastore.webui/database
442,3000,GET_W_D,/tools.descartes.teastore.webui/database
443,2000,GET_W_D,/tools.descartes.teastore.webui/database
444,5000,GET_W_D,/tools.descartes.teastore.webui/database
445,1000,GET_W_D,/tools.descartes.teastore.webui/database
446,3000,GET_W_D,/tools.descartes.teastore.webui/database
447,3000,GET_W_D,/tools.descartes.teastore.webui/database
448,5000,GET_W_D,/tools.descartes.teastore.webui/database
449,3000,GET_W_D,/tools.descartes.teastore.webui/database
450,2000,GET_W_D,/tools.descartes.teastore.webui/database
451,1000,GET_W_D,/tools.descartes.teastore.webui/database
452,4000,GET_W_D,/tools.descartes.teastore.webui/database
453,3000,GET_W_D,/tools.descartes.teastore.webui/database
454,2000,GET_W_D,/tools.descartes.teastore.webui/database
455,2000,GET_W_D,/tools.descartes.teastore.webui/database
456,2000,GET_W_D,/tools.descartes.teastore.webui/database
457,3000,GET_W_D,/tools.descartes.teastore.webui/database
458,6000,GET_W_D,/tools.descartes.teastore.webui/database
459,2000,GET_W_D,/tools.descartes.teastore.webui/database
460,6000,GET_W_D,/tools.descartes.teastore.webui/database
461,3000,GET_W_D,/tools.descartes.teastore.webui/database
462,3000,GET_W_D,/tools.descartes.teastore.webui/database
463,4000,GET_W_D,/tools.descartes.teastore.webui/database
464,2000,GET_W_D,/tools.descartes.teastore.webui/database
465,4000,GET_W_D,/tools.descartes.teastore.webui/database
466,6000,GET_W_D,/tools.descartes.teastore.webui/database
467,1000,GET_W_D,/tools.descartes.teastore.webui/database
468,4000,GET_W_D,/tools.descartes.teastore.webui/database
469,3000,GET_W_D,/tools.descartes.teastore.webui/database
470,2000,GET_W_D,/tools.descartes.teastore.webui/database
471,5000,GET_W_D,/tools.descartes.teastore.webui/database
472,4000,GET_W_D,/tools.descartes.teastore.webui/database
473,3000,GET_W_D,/tools.descartes.teastore.webui/database
474,3000,GET_W_D,/tools.descartes.teastore.webui/database
475,2000,GET_W_D,/tools.descartes.teastore.webui/database
476,2000,GET_W_D,/tools.descartes.teastore.webui/database
477,3000,GET_W_D,/tools.descartes.teastore.webui/database
478,0,GET_W_D,/tools.descartes.teastore.webui/database
479,5000,GET_W_D,/tools.descartes.teastore.webui/database
480,1000,GET_W_D,/tools.descartes.teastore.webui/database
481,3000,GET_W_D,/tools.descartes.teastore.webui/database
482,3000,GET_W_D,/tools.descartes.teastore.webui/database
483,2000,GET_W_D,/tools.descartes.teastore.webui/database
484,10000,GET_W_D,/tools.descartes.teastore.webui/database
485,9000,GET_W_D,/tools.descartes.teastore.webui/database
486,4000,GET_W_D,/tools.descartes.teastore.webui/database
487,3000,GET_W_D,/tools.descartes.teastore.webui/database
488,4000,GET_W_D,/tools.descartes.teastore.webui/database
489,1000,GET_W_D,/tools.descartes.teastore.webui/database
490,2000,GET_W_D,/tools.descartes.teastore.webui/database
491,2000,GET_W_D,/tools.descartes.teastore.webui/database
492,2000,GET_W_D,/tools.descartes.teastore.webui/database
493,2000,GET_W_D,/tools.descartes.teastore.webui/database
494,1000,GET_W_D,/tools.descartes.teastore.webui/database
495,3000,GET_W_D,/tools.descartes.teastore.webui/database
496,2000,GET_W_D,/tools.descartes.teastore.webui/database
497,1000,GET_W_D,/tools.descartes.teastore.webui/database
498,2000,GET_W_D,/tools.descartes.teastore.webui/database
499,2000,GET_W_D,/tools.descartes.teastore.webui/database
500,1000,GET_W_D,/tools.descartes.teastore.webui/database
501,3000,GET_W_D,/tools.descartes.teastore.webui/database
502,2000,GET_W_D,/tools.descartes.teastore.webui/database
503,2000,GET_W_D,/tools.descartes.teastore.webui/database
504,2000,GET_W_D,/tools.descartes.teastore.webui/database
505,2000,GET_W_D,/tools.descartes.teastore.webui/database
506,1000,GET_W_D,/tools.descartes.teastore.webui/database
507,3000,GET_W_D,/tools.descartes.teastore.webui/database
508,2000,GET_W_D,/tools.descartes.teastore.webui/database
509,1000,GET_W_D,/tools.descartes.teastore.webui/database
510,2000,GET_W_D,/tools.descartes.teastore.webui/database
511,3000,GET_W_D,/tools.descartes.teastore.webui/database
512,1000,GET_W_D,/tools.descartes.teastore.webui/database
513,2000,GET_W_D,/tools.descartes.teastore.webui/database
514,2000,GET_W_D,/tools.descartes.teastore.webui/database
515,1000,GET_W_D,/tools.descartes.teastore.webui/database
516,1000,GET_W_D,/tools.descartes.teastore.webui/database
517,2000,GET_W_D,/tools.descartes.teastore.webui/database
518,2000,GET_W_D,/tools.descartes.teastore.webui/database
519,1000,GET_W_D,/tools.descartes.teastore.webui/database
520,2000,GET_W_D,/tools.descartes.teastore.webui/database
521,2000,GET_W_D,/tools.descartes.teastore.webui/database
522,2000,GET_W_D,/tools.descartes.teastore.webui/database
523,4000,GET_W_D,/tools.descartes.teastore.webui/database
524,3000,GET_W_D,/tools.descartes.teastore.webui/database
525,0,GET_W_D,/tools.descartes.teastore.webui/database
526,2000,GET_W_D,/tools.descartes.teastore.webui/database
527,2000,GET_W_D,/tools.descartes.teastore.webui/database
528,2000,GET_W_D,/tools.descartes.teastore.webui/database
529,2000,GET_W_D,/tools.descartes.teastore.webui/database
530,2000,GET_W_D,/tools.descartes.teastore.webui/database
531,2000,GET_W_D,/tools.descartes.teastore.webui/database
532,3000,GET_W_D,/tools.descartes.teastore.webui/database
533,1000,GET_W_D,/tools.descartes.teastore.webui/database
534,1000,GET_W_D,/tools.descartes.teastore.webui/database
535,3000,GET_W_D,/tools.descartes.teastore.webui/database
536,4000,GET_W_D,/tools.descartes.teastore.webui/database
537,2000,GET_W_D,/tools.descartes.teastore.webui/database
538,2000,GET_W_D,/tools.descartes.teastore.webui/database
539,1000,GET_W_D,/tools.descartes.teastore.webui/database
540,3000,GET_W_D,/tools.descartes.teastore.webui/database
541,6000,GET_W_D,/tools.descartes.teastore.webui/database
542,3000,GET_W_D,/tools.descartes.teastore.webui/database
543,6000,GET_W_D,/tools.descartes.teastore.webui/database
544,2000,GET_W_D,/tools.descartes.teastore.webui/database
545,2000,GET_W_D,/tools.descartes.teastore.webui/database
546,3000,GET_W_D,/tools.descartes.teastore.webui/database
547,3000,GET_W_D,/tools.descartes.teastore.webui/database
548,3000,GET_W_D,/tools.descartes.teastore.webui/database
549,2000,GET_W_D,/tools.descartes.teastore.webui/database
550,1000,GET_W_D,/tools.descartes.teastore.webui/database
551,6000,GET_W_D,/tools.descartes.teastore.webui/database
552,1000,GET_W_D,/tools.descartes.teastore.webui/database
553,2000,GET_W_D,/tools.descartes.teastore.webui/database
554,3000,GET_W_D,/tools.descartes.teastore.webui/database
555,1000,GET_W_D,/tools.descartes.teastore.webui/database
556,4000,GET_W_D,/tools.descartes.teastore.webui/database
557,2000,GET_W_D,/tools.descartes.teastore.webui/database
558,2000,GET_W_D,/tools.descartes.teastore.webui/database
559,3000,GET_W_D,/tools.descartes.teastore.webui/database
560,0,GET_W_D,/tools.descartes.teastore.webui/database
561,2000,GET_W_D,/tools.descartes.teastore.webui/database
562,5000,GET_W_D,/tools.descartes.teastore.webui/database
563,2000,GET_W_D,/tools.descartes.teastore.webui/database
564,2000,GET_W_D,/tools.descartes.teastore.webui/database
565,2000,GET_W_D,/tools.descartes.teastore.webui/database
566,2000,GET_W_D,/tools.descartes.teastore.webui/database
567,2000,GET_W_D,/tools.descartes.teastore.webui/database
568,2000,GET_W_D,/tools.descartes.teastore.webui/database
569,1000,GET_W_D,/tools.descartes.teastore.webui/database
570,2000,GET_W_D,/tools.descartes.teastore.webui/database
571,1000,GET_W_D,/tools.descartes.teastore.webui/database
572,2000,GET_W_D,/tools.descartes.teastore.webui/database
573,2000,GET_W_D,/tools.descartes.teastore.webui/database
574,1000,GET_W_D,/tools.descartes.teastore.webui/database
575,3000,GET_W_D,/tools.descartes.teastore.webui/database
576,3000,GET_W_D,/tools.descartes.teastore.webui/database
577,4000,GET_W_D,/tools.descartes.teastore.webui/database
578,3000,GET_W_D,/tools.descartes.teastore.webui/database
579,1000,GET_W_D,/tools.descartes.teastore.webui/database
580,2000,GET_W_D,/tools.descartes.teastore.webui/database
581,3000,GET_W_D,/tools.descartes.teastore.webui/database
582,1000,GET_W_D,/tools.descartes.teastore.webui/database
583,2000,GET_W_D,/tools.descartes.teastore.webui/database
584,3000,GET_W_D,/tools.descartes.teastore.webui/database
585,2000,GET_W_D,/tools.descartes.teastore.webui/database
586,1000,GET_W_D,/tools.descartes.teastore.webui/database
587,2000,GET_W_D,/tools.descartes.teastore.webui/database
588,2000,GET_W_D,/tools.descartes.teastore.webui/database
589,1000,GET_W_D,/tools.descartes.teastore.webui/database
590,2000,GET_W_D,/tools.descartes.teastore.webui/database
591,3000,GET_W_D,/tools.descartes.teastore.webui/database
592,1000,GET_W_D,/tools.descartes.teastore.webui/database
593,3000,GET_W_D,/tools.descartes.teastore.webui/database
594,3000,GET_W_D,/tools.descartes.teastore.webui/database
595,0,GET_W_D,/tools.descartes.teastore.webui/database
596,4000,GET_W_D,/tools.descartes.teastore.webui/database
597,2000,GET_W_D,/tools.descartes.teastore.webui/database
598,5000,GET_W_D,/tools.descartes.teastore.webui/database
599,2000,GET_W_D,/tools.descartes.teastore.webui/database
600,2000,GET_W_D,/tools.descartes.teastore.webui/database
601,1000,GET_W_D,/tools.descartes.teastore.webui/database
602,2000,GET_W_D,/tools.descartes.teastore.webui/database
603,2000,GET_W_D,/tools.descartes.teastore.webui/database
604,4000,GET_W_D,/tools.descartes.teastore.webui/database
605,1000,GET_W_D,/tools.descartes.teastore.webui/database
606,2000,GET_W_D,/tools.descartes.teastore.webui/database
607,2000,GET_W_D,/tools.descartes.teastore.webui/database
608,0,GET_W_D,/tools.descartes.teastore.webui/database
609,1000,GET_W_D,/tools.descartes.teastore.webui/database
610,2000,GET_W_D,/tools.descartes.teastore.webui/database
611,3000,GET_W_D,/tools.descartes.teastore.webui/database
612,8000,GET_W_D,/tools.descartes.teastore.webui/database
613,1000,GET_W_D,/tools.descartes.teastore.webui/database
614,7000,GET_W_D,/tools.descartes.teastore.webui/database
615,13000,GET_W_D,/tools.descartes.teastore.webui/database
616,6000,GET_W_D,/tools.descartes.teastore.webui/database
617,4000,GET_W_D,/tools.descartes.teastore.webui/database
618,6000,GET_W_D,/tools.descartes.teastore.webui/database
619,2000,GET_W_D,/tools.descartes.teastore.webui/database
620,3000,GET_W_D,/tools.descartes.teastore.webui/database
621,4000,GET_W_D,/tools.descartes.teastore.webui/database
622,3000,GET_W_D,/tools.descartes.teastore.webui/database
623,3000,GET_W_D,/tools.descartes.teastore.webui/database
624,7000,GET_W_D,/tools.descartes.teastore.webui/database
625,2000,GET_W_D,/tools.descartes.teastore.webui/database
626,6000,GET_W_D,/tools.descartes.teastore.webui/database
627,5000,GET_W_D,/tools.descartes.teastore.webui/database
628,4000,GET_W_D,/tools.descartes.teastore.webui/database
629,3000,GET_W_D,/tools.descartes.teastore.webui/database
630,2000,GET_W_D,/tools.descartes.teastore.webui/database
631,4000,GET_W_D,/tools.descartes.teastore.webui/database
632,4000,GET_W_D,/tools.descartes.teastore.webui/database
633,4000,GET_W_D,/tools.descartes.teastore.webui/database
634,5000,GET_W_D,/tools.descartes.teastore.webui/database
635,1000,GET_W_D,/tools.descartes.teastore.webui/database
636,3000,GET_W_D,/tools.descartes.teastore.webui/database
637,2000,GET_W_D,/tools.descartes.teastore.webui/database
638,3000,GET_W_D,/tools.descartes.teastore.webui/database
639,3000,GET_W_D,/tools.descartes.teastore.webui/database
640,2000,GET_W_D,/tools.descartes.teastore.webui/database
641,5000,GET_W_D,/tools.descartes.teastore.webui/database
642,3000,GET_W_D,/tools.descartes.teastore.webui/database
643,2000,GET_W_D,/tools.descartes.teastore.webui/database
644,5000,GET_W_D,/tools.descartes.teastore.webui/database
645,3000,GET_W_D,/tools.descartes.teastore.webui/database
646,3000,GET_W_D,/tools.descartes.teastore.webui/database
647,1000,GET_W_D,/tools.descartes.teastore.webui/database
648,5000,GET_W_D,/tools.descartes.teastore.webui/database
649,2000,GET_W_D,/tools.descartes.teastore.webui/database
650,4000,GET_W_D,/tools.descartes.teastore.webui/database
651,3000,GET_W_D,/tools.descartes.teastore.webui/database
652,6000,GET_W_D,/tools.descartes.teastore.webui/database
653,4000,GET_W_D,/tools.descartes.teastore.webui/database
654,5000,GET_W_D,/tools.descartes.teastore.webui/database
655,3000,GET_W_D,/tools.descartes.teastore.webui/database
656,3000,GET_W_D,/tools.descartes.teastore.webui/database
657,2000,GET_W_D,/tools.descartes.teastore.webui/database
658,2000,GET_W_D,/tools.descartes.teastore.webui/database
659,2000,GET_W_D,/tools.descartes.teastore.webui/database
660,2000,GET_W_D,/tools.descartes.teastore.webui/database
661,4000,GET_W_D,/tools.descartes.teastore.webui/database
662,4000,GET_W_D,/tools.descartes.teastore.webui/database
663,6000,GET_W_D,/tools.descartes.teastore.webui/database
664,3000,GET_W_D,/tools.descartes.teastore.webui/database
665,2000,GET_W_D,/tools.descartes.teastore.webui/database
666,3000,GET_W_D,/tools.descartes.teastore.webui/database
667,1000,GET_W_D,/tools.descartes.teastore.webui/database
668,7000,GET_W_D,/tools.descartes.teastore.webui/database
669,3000,GET_W_D,/tools.descartes.teastore.webui/database
670,3000,GET_W_D,/tools.descartes.teastore.webui/database
671,3000,GET_W_D,/tools.descartes.teastore.webui/database
672,2000,GET_W_D,/tools.descartes.teastore.webui/database
673,6000,GET_W_D,/tools.descartes.teastore.webui/database
674,5000,GET_W_D,/tools.descartes.teastore.webui/database
675,1000,GET_W_D,/tools.descartes.teastore.webui/database
676,5000,GET_W_D,/tools.descartes.teastore.webui/database
677,4000,GET_W_D,/tools.descartes.teastore.webui/database
678,5000,GET_W_D,/tools.descartes.teastore.webui/database
679,2000,GET_W_D,/tools.descartes.teastore.webui/database
680,6000,GET_W_D,/tools.descartes.teastore.webui/database
681,3000,GET_W_D,/tools.descartes.teastore.webui/database
682,3000,GET_W_D,/tools.descartes.teastore.webui/database
683,4000,GET_W_D,/tools.descartes.teastore.webui/database
684,2000,GET_W_D,/tools.descartes.teastore.webui/database
685,3000,GET_W_D,/tools.descartes.teastore.webui/database
686,8000,GET_W_D,/tools.descartes.teastore.webui/database
687,5000,GET_W_D,/tools.descartes.teastore.webui/database
688,3000,GET_W_D,/tools.descartes.teastore.webui/database
689,6000,GET_W_D,/tools.descartes.teastore.webui/database
690,2000,GET_W_D,/tools.descartes.teastore.webui/database
691,5000,GET_W_D,/tools.descartes.teastore.webui/database
692,4000,GET_W_D,/tools.descartes.teastore.webui/database
693,7000,GET_W_D,/tools.descartes.teastore.webui/database
694,2000,GET_W_D,/tools.descartes.teastore.webui/database
695,9000,GET_W_D,/tools.descartes.teastore.webui/database
696,8000,GET_W_D,/tools.descartes.teastore.webui/database
697,9000,GET_W_D,/tools.descartes.teastore.webui/database
698,5000,GET_W_D,/tools.descartes.teastore.webui/database
699,9000,GET_W_D,/tools.descartes.teastore.webui/database
700,5000,GET_W_D,/tools.descartes.teastore.webui/database
701,4000,GET_W_D,/tools.descartes.teastore.webui/database
702,5000,GET_W_D,/tools.descartes.teastore.webui/database
703,10000,GET_W_D,/tools.descartes.teastore.webui/database
704,9000,GET_W_D,/tools.descartes.teastore.webui/database
705,6000,GET_W_D,/tools.descartes.teastore.webui/database
706,7000,GET_W_D,/tools.descartes.teastore.webui/database
707,8000,GET_W_D,/tools.descartes.teastore.webui/database
708,8000,GET_W_D,/tools.descartes.teastore.webui/database
709,7000,GET_W_D,/tools.descartes.teastore.webui/database
710,5000,GET_W_D,/tools.descartes.teastore.webui/database
711,7000,GET_W_D,/tools.descartes.teastore.webui/database
712,2000,GET_W_D,/tools.descartes.teastore.webui/database
713,8000,GET_W_D,/tools.descartes.teastore.webui/database
714,3000,GET_W_D,/tools.descartes.teastore.webui/database
715,5000,GET_W_D,/tools.descartes.teastore.webui/database
716,3000,GET_W_D,/tools.descartes.teastore.webui/database
717,6000,GET_W_D,/tools.descartes.teastore.webui/database
718,7000,GET_W_D,/tools.descartes.teastore.webui/database
719,9000,GET_W_D,/tools.descartes.teastore.webui/database
720,10000,GET_W_D,/tools.descartes.teastore.webui/database
721,4000,GET_W_D,/tools.descartes.teastore.webui/database
722,9000,GET_W_D,/tools.descartes.teastore.webui/database
723,9000,GET_W_D,/tools.descartes.teastore.webui/database
724,4000,GET_W_D,/tools.descartes.teastore.webui/database
725,8000,GET_W_D,/tools.descartes.teastore.webui/database
726,5000,GET_W_D,/tools.descartes.teastore.webui/database
727,4000,GET_W_D,/tools.descartes.teastore.webui/database
728,4000,GET_W_D,/tools.descartes.teastore.webui/database
729,4000,GET_W_D,/tools.descartes.teastore.webui/database
730,8000,GET_W_D,/tools.descartes.teastore.webui/database
731,5000,GET_W_D,/tools.descartes.teastore.webui/database
732,12000,GET_W_D,/tools.descartes.teastore.webui/database
733,4000,GET_W_D,/tools.descartes.teastore.webui/database
734,5000,GET_W_D,/tools.descartes.teastore.webui/database
735,4000,GET_W_D,/tools.descartes.teastore.webui/database
736,8000,GET_W_D,/tools.descartes.teastore.webui/database
737,12000,GET_W_D,/tools.descartes.teastore.webui/database
738,2000,GET_W_D,/tools.descartes.teastore.webui/database
739,2000,GET_W_D,/tools.descartes.teastore.webui/database
740,1000,GET_W_D,/tools.descartes.teastore.webui/database
741,3000,GET_W_D,/tools.descartes.teastore.webui/database
742,4000,GET_W_D,/tools.descartes.teastore.webui/database
743,2000,GET_W_D,/tools.descartes.teastore.webui/database
744,2000,GET_W_D,/tools.descartes.teastore.webui/database
745,5000,GET_W_D,/tools.descartes.teastore.webui/database
746,3000,GET_W_D,/tools.descartes.teastore.webui/database
747,5000,GET_W_D,/tools.descartes.teastore.webui/database
748,4000,GET_W_D,/tools.descartes.teastore.webui/database
749,2000,GET_W_D,/tools.descartes.teastore.webui/database
750,2000,GET_W_D,/tools.descartes.teastore.webui/database
751,3000,GET_W_D,/tools.descartes.teastore.webui/database
752,4000,GET_W_D,/tools.descartes.teastore.webui/database
753,2000,GET_W_D,/tools.descartes.teastore.webui/database
754,5000,GET_W_D,/tools.descartes.teastore.webui/database
755,2000,GET_W_D,/tools.descartes.teastore.webui/database
756,3000,GET_W_D,/tools.descartes.teastore.webui/database
757,7000,GET_W_D,/tools.descartes.teastore.webui/database
758,2000,GET_W_D,/tools.descartes.teastore.webui/database
759,4000,GET_W_D,/tools.descartes.teastore.webui/database
760,4000,GET_W_D,/tools.descartes.teastore.webui/database
761,2000,GET_W_D,/tools.descartes.teastore.webui/database
762,2000,GET_W_D,/tools.descartes.teastore.webui/database
763,6000,GET_W_D,/tools.descartes.teastore.webui/database
764,1000,GET_W_D,/tools.descartes.teastore.webui/database
765,3000,GET_W_D,/tools.descartes.teastore.webui/database
766,2000,GET_W_D,/tools.descartes.teastore.webui/database
767,6000,GET_W_D,/tools.descartes.teastore.webui/database
768,3000,GET_W_D,/tools.descartes.teastore.webui/database
769,2000,GET_W_D,/tools.descartes.teastore.webui/database
770,3000,GET_W_D,/tools.descartes.teastore.webui/database
771,3000,GET_W_D,/tools.descartes.teastore.webui/database
772,5000,GET_W_D,/tools.descartes.teastore.webui/database
773,2000,GET_W_D,/tools.descartes.teastore.webui/database
774,3000,GET_W_D,/tools.descartes.teastore.webui/database
775,2000,GET_W_D,/tools.descartes.teastore.webui/database
776,3000,GET_W_D,/tools.descartes.teastore.webui/database
777,26000,GET_W_D,/tools.descartes.teastore.webui/database
778,13000,GET_W_D,/tools.descartes.teastore.webui/database
779,9000,GET_W_D,/tools.descartes.teastore.webui/database
780,9000,GET_W_D,/tools.descartes.teastore.webui/database
781,27000,GET_W_D,/tools.descartes.teastore.webui/database
782,16000,GET_W_D,/tools.descartes.teastore.webui/database
783,15000,GET_W_D,/tools.descartes.teastore.webui/database
784,22000,GET_W_D,/tools.descartes.teastore.webui/database
785,8000,GET_W_D,/tools.descartes.teastore.webui/database
786,13000,GET_W_D,/tools.descartes.teastore.webui/database
787,7000,GET_W_D,/tools.descartes.teastore.webui/database
788,14000,GET_W_D,/tools.descartes.teastore.webui/database
789,21000,GET_W_D,/tools.descartes.teastore.webui/database
790,30000,GET_W_D,/tools.descartes.teastore.webui/database
791,12000,GET_W_D,/tools.descartes.teastore.webui/database
792,16000,GET_W_D,/tools.descartes.teastore.webui/database
793,19000,GET_W_D,/tools.descartes.teastore.webui/database
794,11000,GET_W_D,/tools.descartes.teastore.webui/database
795,10000,GET_W_D,/tools.descartes.teastore.webui/database
796,31000,GET_W_D,/tools.descartes.teastore.webui/database
797,17000,GET_W_D,/tools.descartes.teastore.webui/database
798,23000,GET_W_D,/tools.descartes.teastore.webui/database
799,12000,GET_W_D,/tools.descartes.teastore.webui/database
800,16000,GET_W_D,/tools.descartes.teastore.webui/database
801,7000,GET_W_D,/tools.descartes.teastore.webui/database
802,7000,GET_W_D,/tools.descartes.teastore.webui/database
803,28000,GET_W_D,/tools.descartes.teastore.webui/database
804,21000,GET_W_D,/tools.descartes.teastore.webui/database
805,7000,GET_W_D,/tools.descartes.teastore.webui/database
806,16000,GET_W_D,/tools.descartes.teastore.webui/database
807,4000,GET_W_D,/tools.descartes.teastore.webui/database
808,4000,GET_W_D,/tools.descartes.teastore.webui/database
809,2000,GET_W_D,/tools.descartes.teastore.webui/database
810,4000,GET_W_D,/tools.descartes.teastore.webui/database
811,2000,GET_W_D,/tools.descartes.teastore.webui/database
812,3000,GET_W_D,/tools.descartes.teastore.webui/database
813,3000,GET_W_D,/tools.descartes.teastore.webui/database
814,3000,GET_W_D,/tools.descartes.teastore.webui/database
815,3000,GET_W_D,/tools.descartes.teastore.webui/database
816,5000,GET_W_D,/tools.descartes.teastore.webui/database
817,3000,GET_W_D,/tools.descartes.teastore.webui/database
818,1000,GET_W_D,/tools.descartes.teastore.webui/database
819,4000,GET_W_D,/tools.descartes.teastore.webui/database
820,0,GET_W_D,/tools.descartes.teastore.webui/database
821,4000,GET_W_D,/tools.descartes.teastore.webui/database
822,2000,GET_W_D,/tools.descartes.teastore.webui/database
823,4000,GET_W_D,/tools.descartes.teastore.webui/database
824,4000,GET_W_D,/tools.descartes.teastore.webui/database
825,2000,GET_W_D,/tools.descartes.teastore.webui/database
826,2000,GET_W_D,/tools.descartes.teastore.webui/database
827,3000,GET_W_D,/tools.descartes.teastore.webui/database
828,5000,GET_W_D,/tools.descartes.teastore.webui/database
829,3000,GET_W_D,/tools.descartes.teastore.webui/database
830,4000,GET_W_D,/tools.descartes.teastore.webui/database
831,1000,GET_W_D,/tools.descartes.teastore.webui/database
832,9000,GET_W_D,/tools.descartes.teastore.webui/database
833,2000,GET_W_D,/tools.descartes.teastore.webui/database
834,7000,GET_W_D,/tools.descartes.teastore.webui/database
835,2000,GET_W_D,/tools.descartes.teastore.webui/database
836,6000,GET_W_D,/tools.descartes.teastore.webui/database
837,7000,GET_W_D,/tools.descartes.teastore.webui/database
838,4000,GET_W_D,/tools.descartes.teastore.webui/database
839,4000,GET_W_D,/tools.descartes.teastore.webui/database
840,4000,GET_W_D,/tools.descartes.teastore.webui/database
841,5000,GET_W_D,/tools.descartes.teastore.webui/database
842,6000,GET_W_D,/tools.descartes.teastore.webui/database
843,4000,GET_W_D,/tools.descartes.teastore.webui/database
844,3000,GET_W_D,/tools.descartes.teastore.webui/database
845,16000,GET_W_D,/tools.descartes.teastore.webui/database
846,4000,GET_W_D,/tools.descartes.teastore.webui/database
847,8000,GET_W_D,/tools.descartes.teastore.webui/database
848,5000,GET_W_D,/tools.descartes.teastore.webui/database
849,1000,GET_W_D,/tools.descartes.teastore.webui/database
850,4000,GET_W_D,/tools.descartes.teastore.webui/database
851,4000,GET_W_D,/tools.descartes.teastore.webui/database
852,2000,GET_W_D,/tools.descartes.teastore.webui/database
853,4000,GET_W_D,/tools.descartes.teastore.webui/database
854,5000,GET_W_D,/tools.descartes.teastore.webui/database
855,5000,GET_W_D,/tools.descartes.teastore.webui/database
856,1000,GET_W_D,/tools.descartes.teastore.webui/database
857,6000,GET_W_D,/tools.descartes.teastore.webui/database
858,5000,GET_W_D,/tools.descartes.teastore.webui/database
859,4000,GET_W_D,/tools.descartes.teastore.webui/database
860,4000,GET_W_D,/tools.descartes.teastore.webui/database
861,3000,GET_W_D,/tools.descartes.teastore.webui/database
862,6000,GET_W_D,/tools.descartes.teastore.webui/database
863,2000,GET_W_D,/tools.descartes.teastore.webui/database
864,4000,GET_W_D,/tools.descartes.teastore.webui/database
865,5000,GET_W_D,/tools.descartes.teastore.webui/database
866,3000,GET_W_D,/tools.descartes.teastore.webui/database
867,4000,GET_W_D,/tools.descartes.teastore.webui/database
868,7000,GET_W_D,/tools.descartes.teastore.webui/database
869,4000,GET_W_D,/tools.descartes.teastore.webui/database
870,5000,GET_W_D,/tools.descartes.teastore.webui/database
871,7000,GET_W_D,/tools.descartes.teastore.webui/database
872,6000,GET_W_D,/tools.descartes.teastore.webui/database
873,3000,GET_W_D,/tools.descartes.teastore.webui/database
874,8000,GET_W_D,/tools.descartes.teastore.webui/database
875,5000,GET_W_D,/tools.descartes.teastore.webui/database
876,5000,GET_W_D,/tools.descartes.teastore.webui/database
877,9000,GET_W_D,/tools.descartes.teastore.webui/database
878,7000,GET_W_D,/tools.descartes.teastore.webui/database
879,3000,GET_W_D,/tools.descartes.teastore.webui/database
880,5000,GET_W_D,/tools.descartes.teastore.webui/database
881,5000,GET_W_D,/tools.descartes.teastore.webui/database
882,5000,GET_W_D,/tools.descartes.teastore.webui/database
883,2000,GET_W_D,/tools.descartes.teastore.webui/database
884,8000,GET_W_D,/tools.descartes.teastore.webui/database
885,5000,GET_W_D,/tools.descartes.teastore.webui/database
886,4000,GET_W_D,/tools.descartes.teastore.webui/database
887,5000,GET_W_D,/tools.descartes.teastore.webui/database
888,6000,GET_W_D,/tools.descartes.teastore.webui/database
889,4000,GET_W_D,/tools.descartes.teastore.webui/database
890,4000,GET_W_D,/tools.descartes.teastore.webui/database
891,2000,GET_W_D,/tools.descartes.teastore.webui/database
892,2000,GET_W_D,/tools.descartes.teastore.webui/database
893,5000,GET_W_D,/tools.descartes.teastore.webui/database
894,5000,GET_W_D,/tools.descartes.teastore.webui/database
895,5000,GET_W_D,/tools.descartes.teastore.webui/database
896,6000,GET_W_D,/tools.descartes.teastore.webui/database
897,4000,GET_W_D,/tools.descartes.teastore.webui/database
898,1000,GET_W_D,/tools.descartes.teastore.webui/database
899,4000,GET_W_D,/tools.descartes.teastore.webui/database
900,4000,GET_W_D,/tools.descartes.teastore.webui/database
901,3000,GET_W_D,/tools.descartes.teastore.webui/database
902,4000,GET_W_D,/tools.descartes.teastore.webui/database
903,6000,GET_W_D,/tools.descartes.teastore.webui/database
904,3000,GET_W_D,/tools.descartes.teastore.webui/database
905,5000,GET_W_D,/tools.descartes.teastore.webui/database
906,6000,GET_W_D,/tools.descartes.teastore.webui/database
907,2000,GET_W_D,/tools.descartes.teastore.webui/database
908,4000,GET_W_D,/tools.descartes.teastore.webui/database
909,3000,GET_W_D,/tools.descartes.teastore.webui/database
910,16000,GET_W_D,/tools.descartes.teastore.webui/database
911,2000,GET_W_D,/tools.descartes.teastore.webui/database
912,4000,GET_W_D,/tools.descartes.teastore.webui/database
913,3000,GET_W_D,/tools.descartes.teastore.webui/database
914,3000,GET_W_D,/tools.descartes.teastore.webui/database
915,2000,GET_W_D,/tools.descartes.teastore.webui/database
916,1000,GET_W_D,/tools.descartes.teastore.webui/database
917,2000,GET_W_D,/tools.descartes.teastore.webui/database
918,2000,GET_W_D,/tools.descartes.teastore.webui/database
919,1000,GET_W_D,/tools.descartes.teastore.webui/database
920,2000,GET_W_D,/tools.descartes.teastore.webui/database
921,1000,GET_W_D,/tools.descartes.teastore.webui/database
922,2000,GET_W_D,/tools.descartes.teastore.webui/database
923,3000,GET_W_D,/tools.descartes.teastore.webui/database
924,3000,GET_W_D,/tools.descartes.teastore.webui/database
925,2000,GET_W_D,/tools.descartes.teastore.webui/database
926,2000,GET_W_D,/tools.descartes.teastore.webui/database
927,1000,GET_W_D,/tools.descartes.teastore.webui/database
928,2000,GET_W_D,/tools.descartes.teastore.webui/database
929,2000,GET_W_D,/tools.descartes.teastore.webui/database
930,3000,GET_W_D,/tools.descartes.teastore.webui/database
931,3000,GET_W_D,/tools.descartes.teastore.webui/database
932,2000,GET_W_D,/tools.descartes.teastore.webui/database
933,1000,GET_W_D,/tools.descartes.teastore.webui/database
934,2000,GET_W_D,/tools.descartes.teastore.webui/database
935,3000,GET_W_D,/tools.descartes.teastore.webui/database
936,2000,GET_W_D,/tools.descartes.teastore.webui/database
937,2000,GET_W_D,/tools.descartes.teastore.webui/database
938,2000,GET_W_D,/tools.descartes.teastore.webui/database
939,2000,GET_W_D,/tools.descartes.teastore.webui/database
940,2000,GET_W_D,/tools.descartes.teastore.webui/database
941,1000,GET_W_D,/tools.descartes.teastore.webui/database
942,2000,GET_W_D,/tools.descartes.teastore.webui/database
943,3000,GET_W_D,/tools.descartes.teastore.webui/database
944,2000,GET_W_D,/tools.descartes.teastore.webui/database
945,2000,GET_W_D,/tools.descartes.teastore.webui/database
946,2000,GET_W_D,/tools.descartes.teastore.webui/database
947,4000,GET_W_D,/tools.descartes.teastore.webui/database
948,1000,GET_W_D,/tools.descartes.teastore.webui/database
949,1000,GET_W_D,/tools.descartes.teastore.webui/database
950,3000,GET_W_D,/tools.descartes.teastore.webui/database
951,1000,GET_W_D,/tools.descartes.teastore.webui/database
952,1000,GET_W_D,/tools.descartes.teastore.webui/database
953,3000,GET_W_D,/tools.descartes.teastore.webui/database
954,1000,GET_W_D,/tools.descartes.teastore.webui/database
955,2000,GET_W_D,/tools.descartes.teastore.webui/database
956,2000,GET_W_D,/tools.descartes.teastore.webui/database
957,2000,GET_W_D,/tools.descartes.teastore.webui/database
958,3000,GET_W_D,/tools.descartes.teastore.webui/database
959,2000,GET_W_D,/tools.descartes.teastore.webui/database
960,2000,GET_W_D,/tools.descartes.teastore.webui/database
961,2000,GET_W_D,/tools.descartes.teastore.webui/database
962,1000,GET_W_D,/tools.descartes.teastore.webui/database
963,1000,GET_W_D,/tools.descartes.teastore.webui/database
964,2000,GET_W_D,/tools.descartes.teastore.webui/database
965,4000,GET_W_D,/tools.descartes.teastore.webui/database
966,3000,GET_W_D,/tools.descartes.teastore.webui/database
967,2000,GET_W_D,/tools.descartes.teastore.webui/database
968,3000,GET_W_D,/tools.descartes.teastore.webui/database
969,6000,GET_W_D,/tools.descartes.teastore.webui/database
970,4000,GET_W_D,/tools.descartes.teastore.webui/database
971,3000,GET_W_D,/tools.descartes.teastore.webui/database
972,3000,GET_W_D,/tools.descartes.teastore.webui/database
973,2000,GET_W_D,/tools.descartes.teastore.webui/database
974,-17998000,GET_W_D,/tools.descartes.teastore.webui/database
